,HBA,HBD,RB,LogP,TPSA,MW,Heavy Atom,Ring Count,Fraction CSP3
count,954.0,954.0,954.0,954.0,954.0,954.0,954.0,954.0,954.0
mean,5.526205450733753,2.2547169811320753,4.262054507337526,4.017521341719081,85.69604821802938,397.1470660377358,28.88155136268344,28.88155136268344,28.88155136268344
std,2.9938455345446906,2.1445907388427243,5.390373290513985,2.6465755640859956,49.41032972706661,133.76822808095747,9.58102440507071,9.58102440507071,9.58102440507071
min,0.0,0.0,0.0,-3.535599999999984,0.0,96.17300000000002,7.0,7.0,7.0
25%,4.0,1.0,2.0,2.4642000000000004,54.37,316.2627500000001,23.0,23.0,23.0
50%,5.0,2.0,3.0,3.8296000000000014,77.75999999999998,380.4180000000001,28.0,28.0,28.0
75%,7.0,3.0,5.0,5.3841500000000035,107.22,450.53100000000023,33.0,33.0,33.0
max,27.0,14.0,61.0,22.41390000000002,418.89,1195.353000000001,85.0,85.0,85.0
