,HBA,HBD,RB,LogP,TPSA,MW,Heavy Atom,Ring Count,Fraction CSP3
count,21084.0,21084.0,21084.0,21084.0,21084.0,21084.0,21084.0,21084.0,21084.0
mean,5.448064883323847,2.389869095048378,6.465281730221969,3.2459901081388587,93.44277271864888,409.1148426931934,28.873790552077406,28.873790552077406,28.873790552077406
std,3.4430068838420462,2.8215539386969044,5.897002029654511,2.235867677910423,75.90917506143315,186.04234124292554,12.981313407288932,12.981313407288932,12.981313407288932
min,0.0,0.0,0.0,-83.6667999999992,0.0,16.043,1.0,1.0,1.0
25%,4.0,1.0,4.0,2.2386,64.9775,320.37000000000006,22.0,22.0,22.0
50%,5.0,2.0,5.0,3.2962000000000007,83.83000000000001,387.1395,27.0,27.0,27.0
75%,6.0,3.0,8.0,4.312800000000004,106.8775,462.40700000000015,33.0,33.0,33.0
max,191.0,116.0,169.0,22.41390000000002,3038.9300000000026,6179.372999999966,419.0,419.0,419.0
