,HBA,HBD,RB,LogP,TPSA,MW,Heavy Atom,Ring Count,Fraction CSP3
count,1913.0,1913.0,1913.0,1913.0,1913.0,1913.0,1913.0,1913.0,1913.0
mean,5.736539466806064,1.9837950862519602,7.372190277051751,4.63610984317825,96.02169367485625,518.4209712493447,36.2932566649242,36.2932566649242,36.2932566649242
std,2.2357423546078157,1.4388689856927035,3.7966760761716114,2.101171224174468,31.6987913453744,159.90151833879156,10.64721669414597,10.64721669414597,10.64721669414597
min,1.0,0.0,1.0,-0.6612999999999991,16.130000000000006,213.24400000000003,16.0,16.0,16.0
25%,4.0,1.0,5.0,3.111340000000001,72.96000000000002,406.48600000000016,29.0,29.0,29.0
50%,5.0,2.0,6.0,4.384600000000003,90.66,492.4680000000003,35.0,35.0,35.0
75%,7.0,3.0,9.0,6.210900000000005,117.83,587.7400000000002,42.0,42.0,42.0
max,15.0,8.0,19.0,10.90739999999999,191.77,1063.0969999999988,69.0,69.0,69.0
