,fpr,tpr
0,0.0,0.0
1,0.0,0.1
2,0.0,0.4
3,0.08333333333333333,0.4
4,0.08333333333333333,0.5
5,0.16666666666666666,0.5
6,0.16666666666666666,0.6
7,0.4166666666666667,0.6
8,0.4166666666666667,0.7
9,0.5833333333333334,0.7
10,0.5833333333333334,0.8
11,0.6666666666666666,0.8
12,0.6666666666666666,0.9
13,0.75,0.9
14,0.75,1.0
15,1.0,1.0
