,fpr,tpr
0,0.0,0.0
1,0.0,0.1
2,0.0,0.2
3,0.08333333333333333,0.2
4,0.08333333333333333,0.4
5,0.25,0.4
6,0.25,0.8
7,0.4166666666666667,0.8
8,0.4166666666666667,0.9
9,0.6666666666666666,0.9
10,0.6666666666666666,1.0
11,1.0,1.0
