,fpr,tpr
0,0.0,0.0
1,0.0,0.14285714285714285
2,0.0,0.42857142857142855
3,0.125,0.42857142857142855
4,0.125,0.5714285714285714
5,0.25,0.5714285714285714
6,0.25,0.7142857142857143
7,0.375,0.7142857142857143
8,0.375,0.8571428571428571
9,0.75,0.8571428571428571
10,0.75,1.0
11,1.0,1.0
