,fpr,tpr
0,0.0,0.0
1,0.0,0.1
2,0.0,0.2
3,0.08333333333333333,0.2
4,0.08333333333333333,0.3
5,0.16666666666666666,0.3
6,0.16666666666666666,0.4
7,0.25,0.4
8,0.25,0.6
9,0.4166666666666667,0.6
10,0.4166666666666667,0.8
11,0.75,0.8
12,0.75,0.9
13,0.9166666666666666,0.9
14,0.9166666666666666,1.0
15,1.0,1.0
