,fpr,tpr
0,0.0,0.0
1,0.0,0.14285714285714285
2,0.0,0.5714285714285714
3,0.125,0.5714285714285714
4,0.125,0.7142857142857143
5,0.625,0.7142857142857143
6,0.625,1.0
7,1.0,1.0
