,fpr,tpr
0,0.0,0.0
1,0.0,0.14285714285714285
2,0.0,0.42857142857142855
3,0.125,0.42857142857142855
4,0.125,0.7142857142857143
5,0.375,0.7142857142857143
6,0.375,0.8571428571428571
7,0.75,0.8571428571428571
8,0.75,1.0
9,1.0,1.0
