,Unnamed: 0,HBA,HBD,RB,LogP,TPSA,MW,Heavy Atom,Ring Count,Fraction CSP3
count,16102.0,16102.0,16102.0,16102.0,16102.0,16102.0,16102.0,16102.0,16102.0,16102.0
mean,8050.5,5.392684138616321,2.4133647994038006,6.568687119612471,3.1608886107315834,92.87962240715461,399.71555769469774,28.261520308036268,28.261520308036268,28.261520308036268
std,4648.391352572056,2.928055389744796,2.659210788600202,5.581916088676312,1.9232777446100655,70.41695470534727,162.64603667225714,11.484409757275374,11.484409757275374,11.484409757275374
min,0.0,0.0,0.0,0.0,-20.621620000000085,0.0,17.007,1.0,1.0,1.0
25%,4025.25,4.0,1.0,4.0,2.2731000000000003,67.15,322.408,22.0,22.0,22.0
50%,8050.5,5.0,2.0,6.0,3.2688500000000014,84.22,383.4300000000002,27.0,27.0,27.0
75%,12075.75,6.0,3.0,8.0,4.2101000000000015,105.6,451.48600000000016,32.0,32.0,32.0
max,16101.0,53.0,52.0,103.0,12.995399999999973,1473.7299999999989,3033.153999999993,207.0,207.0,207.0
